Axis Model,,,,
210A,,,,
210A,,,,
M1065-L,,,,
M1103,,,,
M1103,,,,
M1103,,,,
M1103,,,,
M1103,,,,
M1103,,,,
M1103,,,,
M1103,,,,
M1103,,,,
M1103,,,,
M1103,,,,
M1103,,,,
M1103,,,,
M1103,,,,
M1103,,,,
M1103,,,,
M1103,,,,
M1103,,,,
M1103,,,,
M1103,,,,
M1103,,,,
M1103,,,,
M1103,,,,
M1103,,,,
M1103,,,,
M1103,,,,
M1103,,,,
M1124,,,,
M1124,,,,
M1124,,,,
M3004,,,,
M3004,,,,
M3004,,,,
M3014,,,,
M3115-LVE,,,,
M3115-LVE,,,,
M3115-LVE,,,,
M3115-LVE,,,,
M3115-LVE,,,,
M3115-LVE,,,,
M3115-LVE,,,,
M3115-LVE,,,,
M3115-LVE,,,,
M3115-LVE,,,,
P3245-LVE,,,,
P3245-V ,,,,
P3245-VE,,,,
P3245-VE,,,,
P3267-LV,,,,
P3707-PE,,,,
P3707-PE,,,,
P3719-PLE,,,,
P3719-PLE,,,,
P3807-PVE,,,,
P3807-PVE,,,,
P3807-PVE,,,,
P3807-PVE,,,,
P3807-PVE,,,,
Q3708-PVE,,,,
Q3708-PVE,,,,